Full_name,driverId,nationality,Podium_count,Race_count,AVG_finish_position,rank_by_podium
Dan Gurney,364,American,19,87,5.3,1
Mario Andretti,207,American,19,129,5.71,2
Phil Hill,403,American,16,52,5.15,3
Alfonso Thiele,491,American-Italian,0,2,,1
Carlos Reutemann,199,Argentine,45,146,5.22,1
Juan Fangio,579,Argentine,35,58,2.25,2
José Froilán González,498,Argentine,15,29,3,3
Alessandro de Tomaso,573,Argentine-Italian,0,2,9,1
Mark Webber,17,Australian,42,217,6.6,1
Daniel Ricciardo,817,Australian,32,252,8.63,2
Jack Brabham,356,Australian,31,129,4.63,3
Niki Lauda,182,Austrian,54,174,4.26,1
Gerhard Berger,77,Austrian,48,210,5.1,2
Jochen Rindt,358,Austrian,13,62,4.2,3
Jacky Ickx,235,Belgian,25,121,5.89,1
Thierry Boutsen,123,Belgian,15,164,7.41,2
Olivier Gendebien,482,Belgian,2,17,6.27,3
Ayrton Senna,102,Brazilian,80,162,3.15,1
Rubens Barrichello,22,Brazilian,68,326,7.06,2
Nelson Piquet,137,Brazilian,60,207,4.14,3
Lewis Hamilton,1,British,200,345,3.57,1
David Coulthard,14,British,62,247,5.83,2
Nigel Mansell,95,British,59,192,3.92,3
Jacques Villeneuve,35,Canadian,23,165,7.05,1
Gilles Villeneuve,203,Canadian,13,68,5.95,2
Lance Stroll,840,Canadian,3,157,11.07,3
Eliseo Salazar,194,Chilean,0,37,10.5,1
Guanyu Zhou,855,Chinese,0,57,13.73,1
Juan Pablo Montoya,31,Colombian,30,95,4.21,1
Ricardo Londoño,218,Colombian,0,1,,2
Roberto Guerrero,195,Colombian,0,29,12.2,3
Tomáš Enge,61,Czech,0,3,13,1
Kevin Magnussen,825,Danish,1,177,12.58,1
Jac Nelleman,281,Danish,0,1,,2
Tom Belsø,311,Danish,0,4,8,3
Max Verstappen,830,Dutch,107,198,3.54,1
Jos Verstappen,50,Dutch,2,107,10.53,2
Ernie de Vos,450,Dutch,0,1,,3
Theo Fitzau,713,East German,0,1,,1
Ernst Klodwig,709,East German,0,2,13.5,2
Rudolf Krause,710,East German,0,2,14,3
Kimi Räikkönen,8,Finnish,103,352,6.24,1
Valtteri Bottas,822,Finnish,67,236,7.47,2
Mika Häkkinen,57,Finnish,51,165,4.47,3
Alain Prost,117,French,106,202,2.96,1
Jacques Laffite,172,French,32,180,5.9,2
Jean Alesi,55,French,32,202,6.21,3
Michael Schumacher,30,German,155,308,3.7,1
Sebastian Vettel,20,German,122,300,5.28,2
Nico Rosberg,3,German,57,206,6.36,3
Zsolt Baumgartner,47,Hungarian,0,20,13.5,1
Narain Karthikeyan,39,Indian,0,48,17.18,1
Karun Chandhok,812,Indian,0,11,17.22,2
Rio Haryanto,837,Indonesian,0,12,18.22,1
Joe Kelly,776,Irish,0,2,,1
Tommy Byrne,210,Irish,0,5,,2
Dave Kennedy,225,Irish,0,7,,3
Riccardo Patrese,119,Italian,37,257,6.44,1
Michele Alboreto,105,Italian,23,215,7.51,2
Nino Farina,642,Italian,20,37,2.81,3
Aguri Suzuki,88,Japanese,1,88,9.16,1
Kamui Kobayashi,155,Japanese,1,76,10.85,2
Takuma Sato,11,Japanese,1,91,11.58,3
Rikky von Opel,313,Liechtensteiner,0,13,11.5,1
Alex Yoong,62,Malaysian,0,16,12.17,1
Sergio Pérez,815,Mexican,39,272,7.92,1
Pedro Rodríguez,345,Mexican,7,54,5.31,2
Hector Rebaque,212,Mexican,0,58,7.73,3
Charles Leclerc,844,Monegasque,35,138,5.73,1
Louis Chiron,589,Monegasque,1,17,8,2
André Testut,553,Monegasque,0,2,,3
Denny Hulme,304,New Zealander,33,112,4.79,1
Bruce McLaren,360,New Zealander,27,103,4.68,2
Chris Amon,278,New Zealander,11,106,6.9,3
Robert Kubica,9,Polish,12,99,9.42,1
Tiago Monteiro,33,Portuguese,1,37,13.34,1
Pedro Chaves,142,Portuguese,0,13,,2
Mário de Araújo Cabral,432,Portuguese,0,5,10,3
John Love,340,Rhodesian,1,10,8.67,1
Clive Puzey,414,Rhodesian,0,1,,2
Gary Hocking,473,Rhodesian,0,1,,3
Daniil Kvyat,826,Russian,3,112,10.62,1
Vitaly Petrov,808,Russian,1,58,12.91,2
Sergey Sirotkin,845,Russian,0,21,14.83,3
Jody Scheckter,222,South African,33,113,5.19,1
Tony Maggs,408,South African,3,27,6.67,2
Desiré Wilson,228,South African,0,1,,3
Fernando Alonso,4,Spanish,106,393,6.36,1
Carlos Sainz,832,Spanish,23,197,7.34,2
Alfonso de Portago,606,Spanish,1,6,5.67,3
Ronnie Peterson,238,Swedish,26,123,6.07,1
Stefan Johansson,140,Swedish,12,103,6.09,2
Gunnar Nilsson,255,Swedish,4,32,7.07,3
Clay Regazzoni,223,Swiss,28,138,6,1
Jo Siffert,346,Swiss,6,100,7.13,2
Rudi Fischer,723,Swiss,2,7,7.67,3
Alexander Albon,848,Thai,2,94,10.49,1
Prince Bira,669,Thai,0,19,7.4,2
Azdrubal Fontes,568,Uruguayan,0,1,,1
Óscar González,806,Uruguayan,0,1,6,2
Alberto Uria,623,Uruguayan,0,2,6,3
Pastor Maldonado,813,Venezuelan,1,96,12.81,1
Ettore Chimeri,503,Venezuelan,0,1,,2
Johnny Cecotto,188,Venezuelan,0,23,10.29,3